"name","field_keywords","description"
"Health Care","health, healthcare, hospitals, public health, health insurance, patient care, health system, medical care","Covers general health policy, insurance coverage, and access to care in New York — including hospital and provider regulation, public health initiatives, and health system affordability."
"Mental Health","mental health, behavioral health, crisis intervention, counseling, psychiatric care, developmental disabilities","Covers mental health treatment access, funding, and services in New York — including crisis response, school-based mental health programs, and support for developmental and behavioral health needs."
"Developmental Disabilities","developmental disabilities, OPWDD, disability services, caregiver support, community-based care","Covers services, funding, and rights for New Yorkers with developmental disabilities — including OPWDD-funded programs, community-based care, and support for families and caregivers."
"Women's Health","women's health, maternal health, breast cancer, prenatal care, preventive care","Covers state legislation on women's health care access — including maternal health, breast and cervical cancer screening, and coverage for gynecological and preventive care services."
"Health Equity","health equity, health disparities, underserved communities, community health, health access","Covers efforts to close health outcome gaps across race, income, and geography in New York — including community health investment, culturally competent care, and access in underserved areas."
"Medicaid","Medicaid, managed care, provider reimbursement, low-income coverage, health coverage","Covers New York's Medicaid program — including eligibility, provider reimbursement, managed care, and coverage for low-income residents, seniors, and people with disabilities."
"Child Care","child care, day care, child care subsidy, early childhood, working families","Covers access to and funding for child care in New York — including subsidies for working families, provider licensing standards, and early childhood education support."
"Social Services","social services, public assistance, welfare, county services, safety net","Covers public assistance and social service programs in New York — including cash assistance, food and heating aid, and support services administered through county and state agencies."
"Nutrition","nutrition, food security, SNAP, food banks, school meals","Covers food access and nutrition policy in New York — including SNAP benefits, school meal programs, food insecurity, and support for food banks and pantries."
"Lyme & Tick-Borne Diseases","Lyme disease, tick-borne illness, tick prevention, insurance coverage, public health","Covers prevention, treatment, and research funding for Lyme disease and other tick-borne illnesses in New York — including insurance coverage for long-term treatment and public awareness efforts."
"Opioid & Substance Use","opioid, substance use, addiction, overdose prevention, recovery services, controlled substances","Covers substance use prevention, treatment, and recovery services in New York — including opioid overdose response, addiction treatment funding, and regulation of controlled substances and alcohol."
"Education","education, K-12, public schools, school funding, teachers, curriculum","Covers K-12 education policy in New York — including school funding, curriculum standards, teacher issues, and access to quality public education across the state."
"Higher Education","higher education, SUNY, CUNY, tuition, financial aid, student debt","Covers colleges and universities in New York — including SUNY and CUNY funding, tuition assistance, student debt, and access to affordable higher education."
"Libraries","libraries, library funding, public libraries, literacy, community access","Covers public library funding, services, and access in New York — including state aid to libraries, library construction, and programs that expand community access to information."
"Economic Development","economic development, business incentives, workforce development, regional economy, investment","Covers state initiatives to grow local and regional economies in New York — including business incentives, workforce development, and investment in economically distressed communities."
"Small Business","small business, entrepreneurs, business regulation, business tax credits, local business","Covers policy affecting small businesses in New York — including access to capital, regulatory relief, tax incentives, and support programs for entrepreneurs and local business owners."
"Labor","labor, unions, workplace safety, worker rights, collective bargaining","Covers workplace rights and labor policy in New York — including union organizing, workplace safety, wage protections, and rights for public and private sector workers."
"Jobs & Employment","jobs, employment, unemployment insurance, workforce training, hiring","Covers employment policy and job creation in New York — including unemployment insurance, workforce training, hiring practices, and support for New Yorkers seeking work."
"Minimum Wage","minimum wage, wage increase, living wage, wage indexing","Covers minimum wage policy in New York — including statewide and regional wage rates, indexing to inflation, and the impact of wage increases on workers and small businesses."
"Finance","finance, banking, lending, financial regulation, corporations","Covers financial services regulation in New York — including banking, lending practices, corporate governance, and oversight of financial institutions operating in the state."
"Insurance","insurance, insurance rates, coverage requirements, insurance regulation","Covers insurance regulation in New York — including health, auto, homeowners, and life insurance rate setting, consumer protections, and coverage requirements."
"Budget","budget, state budget, executive budget, appropriations, spending","Covers the New York State budget process — including the Executive Budget, state spending priorities, revenue projections, and appropriations across agencies and programs."
"Taxes","taxes, income tax, property tax, sales tax, STAR, tax relief","Covers state and local tax policy in New York — including income tax, property tax relief, sales tax, and tax credit programs such as STAR."
"Affordability","affordability, cost of living, household expenses, financial relief","Covers the overall cost of living in New York — including housing, utility, and everyday expenses, and state efforts to reduce financial strain on working families."
"Consumer Protection","consumer protection, consumer rights, fraud prevention, product safety","Covers consumer rights and marketplace fairness in New York — including protection against fraud and deceptive practices, product safety, and oversight of consumer-facing industries."
"Campaign Finance","campaign finance, campaign contributions, public financing, political spending","Covers campaign finance regulation in New York — including contribution limits, public campaign financing, disclosure requirements, and oversight of political spending."
"Minority & Women-Owned Business","MWBE, minority-owned business, women-owned business, business certification","Covers programs supporting minority- and women-owned business enterprises in New York — including MWBE certification, state contracting goals, and access to capital and opportunity."
"Housing","housing, affordable housing, tenant rights, homeownership, housing supply","Covers housing policy in New York — including affordable housing development, tenant protections, homeownership assistance, and efforts to address the state's housing supply shortage."
"Infrastructure","infrastructure, construction, roads, bridges, water systems, broadband","Covers public infrastructure investment in New York — including roads, bridges, water systems, and broadband, along with construction funding and maintenance of aging systems."
"Local Government","local government, municipalities, counties, cities, state aid","Covers state-local government relations in New York — including municipal authority, county and city governance, unfunded mandates, and state aid to local governments."
"Community Development","community development, neighborhood revitalization, community reinvestment, community organizations","Covers investment in neighborhoods and communities across New York — including community reinvestment, neighborhood revitalization, and support for community-based organizations."
"Environment","environment, environmental protection, conservation, pollution, wildlife","Covers environmental protection and conservation policy in New York — including pollution control, land and wildlife conservation, and enforcement of state environmental regulations."
"Climate Change","climate change, CLCPA, emissions, clean energy transition, climate policy","Covers New York's climate policy and emissions reduction efforts — including implementation of the Climate Leadership and Community Protection Act (CLCPA) and the state's transition to clean energy."
"Renewable Energy","renewable energy, solar, wind power, clean energy, energy incentives","Covers the development and expansion of renewable energy in New York — including solar, wind, and other clean power sources, along with incentives for residential and commercial adoption."
"Energy","energy, power generation, energy affordability, data centers, energy policy","Covers energy policy in New York — including power generation, energy affordability, data center rate impacts, and the state's broader energy infrastructure and supply."
"Utilities","utilities, utility bills, ratepayers, Public Service Commission, rate cases, Con Edison, NYSEG","Covers regulation of utility companies and ratepayer issues in New York — including Public Service Commission oversight, utility billing practices, and rate case proceedings for gas and electric providers."
"Clean Water","clean water, drinking water, water infrastructure, water quality, contamination","Covers drinking water and waterway protection in New York — including water infrastructure funding, contamination prevention, and safeguarding water quality for communities statewide."
"Agriculture","agriculture, farming, farmland preservation, hunting, fishing, rural economy","Covers farming and agriculture policy in New York — including support for farmers, agricultural land preservation, hunting and fishing regulation, and rural economic development."
"State Parks & Recreation","state parks, recreation, tourism, outdoor recreation, park funding","Covers New York's state parks and outdoor recreation resources — including park funding and maintenance, tourism promotion, and public access to recreational lands and facilities."
"Transportation","transportation, highways, transit, DMV, roads, congestion","Covers transportation policy and infrastructure in New York — including highways, public transit, vehicle regulation, and state investment in roads and transit systems outside New York City."
"MTA","MTA, subway, LIRR, Metro-North, commuter rail, transit funding","Covers the Metropolitan Transportation Authority — including subway, bus, and commuter rail service, MTA funding and governance, and transit rider experience in the New York City region."
"Public Safety","public safety, homeland security, emergency preparedness, community safety","Covers general public safety policy in New York — including homeland security, emergency preparedness, and state efforts to keep communities and infrastructure secure."
"Criminal Justice Reform","criminal justice reform, bail reform, sentencing, incarceration, corrections","Covers reform of New York's criminal justice system — including bail reform, sentencing policy, correctional practices, and efforts to reduce incarceration while maintaining public safety."
"Crime","crime, crime victims, law enforcement, public safety, crime prevention","Covers crime and law enforcement in New York — including crime trends, victim services, and state response to criminal activity affecting communities."
"Gun Control","gun control, gun violence, gun safety, firearms, assault weapons","Covers firearm regulation in New York — including gun purchase requirements, assault weapons policy, and legislative efforts to reduce gun violence statewide."
"Domestic Violence","domestic violence, victim services, protective orders, shelters, survivors","Covers domestic violence prevention and victim services in New York — including protective orders, funding for shelters and support services, and legal protections for survivors."
"Drunk Driving","drunk driving, DWI, impaired driving, ignition interlock, road safety","Covers impaired driving policy in New York — including DWI enforcement, penalties, ignition interlock requirements, and prevention programs to reduce alcohol-related crashes."
"First Responders","first responders, firefighters, police, EMS, volunteer firefighters, law enforcement","Covers support for police, firefighters, and emergency medical personnel in New York — including funding, staffing, equipment, and protections for volunteer and career first responders."
"Civil Rights","civil rights, human rights, anti-discrimination, equal protection","Covers protection of civil and human rights in New York — including anti-discrimination law, equal protection, and safeguards against bias based on race, religion, and other protected classes."
"Voting Rights","voting rights, voter registration, early voting, ballot access, voter protection","Covers voting access and election integrity in New York — including voter registration, early voting, ballot access, and protections against voter suppression."
"Immigration","immigration, immigrant rights, driver's license access, undocumented residents","Covers immigration-related state policy in New York — including access to services for immigrant communities, driver's license eligibility, and state protections for undocumented residents."
"Women's Rights","women's rights, pay equity, sexual harassment, gender equality","Covers legal and workplace protections for women in New York — including pay equity, sexual harassment prevention, and policies advancing gender equality across state institutions."
"Disability Rights","disability rights, accessibility, ADA, accessible infrastructure","Covers rights and accessibility protections for New Yorkers with disabilities — including ADA compliance, accessible infrastructure, and equal access to employment, housing, and public services."
"Hate Crimes","hate crimes, bias crimes, antisemitism, hate crime prevention","Covers hate crime prevention and response in New York — including enforcement of bias-motivated crime laws and state efforts to combat antisemitism and other forms of targeted hate."
"LGBTQ+ Rights","LGBTQ, LGBTQ rights, equality, anti-discrimination, gender identity","Covers legal protections and equality for LGBTQ+ New Yorkers — including anti-discrimination law, healthcare access, and state policy affecting LGBTQ+ individuals and families."
"Ethics","ethics, government ethics, ethics reform, lobbying, conflict of interest","Covers government ethics oversight in New York — including ethics reform, conflict-of-interest rules, lobbying regulation, and investigations into state government operations."
"Judiciary","judiciary, courts, judicial appointments, court funding","Covers New York's court system and judicial policy — including court funding, judicial appointments, and the operation of state and local courts."
"Elections","elections, election law, ballot procedures, Board of Elections","Covers election administration in New York — including election law, ballot procedures, and the operation of the state's Board of Elections."
"Civil Service & Pensions","civil service, pensions, public employees, retirement benefits","Covers public employee policy in New York — including civil service hiring rules, retirement systems, and pension benefits for state and local government workers."
"Veterans","veterans, military, veterans benefits, veterans services, armed forces","Covers support and services for military veterans in New York — including veterans' benefits, employment assistance, and honors such as the Veterans Hall of Fame."
"Families","families, family leave, working families, family support","Covers general family policy in New York — including support for working families, family leave, and state programs that strengthen family stability and wellbeing."
"Children","children, youth, child welfare, child protective services","Covers child welfare and youth policy in New York — including child protective services, youth programs, and state efforts to support children's health, safety, and development."
"Seniors","seniors, aging, elder care, senior centers, older adults","Covers policy affecting older New Yorkers — including senior centers, aging services, elder care, and support for seniors living independently in their communities."
"Arts & Culture","arts, culture, museums, performing arts, cultural funding","Covers state support for arts and cultural institutions in New York — including funding for museums, performing arts, and cultural programs that enrich communities statewide."
"Historical Preservation","historical preservation, historic sites, landmarks, restoration funding","Covers preservation of historic sites and landmarks in New York — including funding for restoration projects and protection of the state's historical and cultural heritage."
"Telecommunications","telecommunications, broadband, internet access, cell service","Covers telecommunications policy in New York — including broadband access, cell service coverage, and regulation of phone and internet service providers."
"Gaming","gaming, gambling, casinos, sports betting, lottery","Covers gaming and gambling policy in New York — including casino regulation, sports betting, lottery programs, and oversight of the state's gaming industry."
"Data Privacy","data privacy, data protection, data breach, consumer data, cybersecurity","Covers protection of personal data and digital privacy in New York — including data breach notification requirements, consumer data rights, and regulation of how companies collect and use personal information."
"Technology Policy","technology policy, artificial intelligence, AI, social media, cybersecurity, big tech, internet access","Covers state policy on emerging technology in New York — including artificial intelligence regulation, social media and internet access, cybersecurity standards, and oversight of large technology companies."
"COVID-19 Pandemic","COVID-19, coronavirus, pandemic, public health emergency, pandemic relief","Covers New York's response to the COVID-19 pandemic — including public health measures, economic relief programs, and legislative action taken during and after the state of emergency."
"Homelessness","homelessness, emergency shelter, supportive housing, housing insecurity","Covers homelessness policy in New York — including emergency shelter funding, supportive housing, and state programs aimed at preventing and reducing homelessness statewide."
"Reproductive Health","reproductive health, abortion, contraception, fertility treatment, patient privacy","Covers state legislation on reproductive healthcare access — abortion, contraception, and fertility treatment coverage — along with patient privacy protections and support for providers delivering reproductive health services in New York."
"Cannabis Policy","cannabis, marijuana, cannabis licensing, adult-use sales, marijuana regulation","Covers regulation of cannabis in New York — including licensing for legal marijuana businesses, adult-use sales rules, and state oversight of the cannabis market following legalization."
"Tenant Rights","tenant rights, renters, eviction protection, rent regulation","Covers protections for renters in New York — including eviction protections, rent regulation, and legal safeguards for tenants facing housing instability."
"Animal Welfare","animal welfare, animal cruelty, animal shelters, pets, livestock","Covers animal welfare and protection policy in New York — including anti-cruelty laws, shelter and rescue regulation, and legislation affecting pets, livestock, and wildlife."
"Data Centers","data centers, data center permitting, electricity rates, tech infrastructure","Covers the impact of data center development in New York — including permitting, electricity and gas rate impacts on ratepayers, and the balance between tech infrastructure growth and utility affordability."
"Emergency Management","emergency management, disaster response, emergency preparedness, disaster recovery","Covers state emergency preparedness and disaster response in New York — including coordination during natural disasters, emergency funding, and support for communities recovering from crises."
